{
    "Ar36": {
        "error": 0.00096050756388802014, 
        "fit": "parabolic", 
        "value": 0.0024406619911082105
    }, 
    "Ar37": {
        "error": 0.12990650274418969, 
        "fit": "linear", 
        "value": 0.16554411209269021
    }, 
    "Ar38": {
        "error": 0.3304038423919553, 
        "fit": "linear", 
        "value": 0.17094760202928078
    }, 
    "Ar39": {
        "error": 0.061552068605068344, 
        "fit": "parabolic", 
        "value": 6.2023683501969984
    }, 
    "Ar40": {
        "error": 0.16808726976833693, 
        "fit": "parabolic", 
        "value": 85.879516970047177
    }, 
    "Ar41": {
        "error": 0.13040443645953423, 
        "fit": "average_SEM", 
        "value": 0.11166264327006502
    }
}