{
    "Ar36": {
        "error": 0.0016621034490814171, 
        "fit": "linear", 
        "value": 0.016530706323102218
    }, 
    "Ar37": {
        "error": 0.13581753260311899, 
        "fit": "linear", 
        "value": 0.23386377711173875
    }, 
    "Ar38": {
        "error": 0.32364316557544476, 
        "fit": "linear", 
        "value": 0.24281884099883053
    }, 
    "Ar39": {
        "error": 0.063406596126882722, 
        "fit": "linear", 
        "value": 10.090265994205616
    }, 
    "Ar40": {
        "error": 0.58724523557323571, 
        "fit": "linear", 
        "value": 1885.433700420439
    }, 
    "Ar41": {
        "error": 0.12584089420132161, 
        "fit": "average_SEM", 
        "value": -0.0017728532866264383
    }
}