{
    "Ar36": {
        "error": 0.0034383161127412038, 
        "fit": "linear", 
        "value": 0.0822605537925266
    }, 
    "Ar37": {
        "error": 0.12058014382117818, 
        "fit": "linear", 
        "value": 0.30359026415118717
    }, 
    "Ar38": {
        "error": 0.23974737694658566, 
        "fit": "linear", 
        "value": 0.23563057842406082
    }, 
    "Ar39": {
        "error": 0.060218177849256517, 
        "fit": "linear", 
        "value": 5.1499519243941823
    }, 
    "Ar40": {
        "error": 0.37648499402753544, 
        "fit": "linear", 
        "value": 980.42236269316618
    }, 
    "Ar41": {
        "error": 0.14633434254596137, 
        "fit": "average_SEM", 
        "value": 0.01466725617608366
    }
}