{
    "Ar36": {
        "error": 0.0014425222603639523, 
        "fit": "linear", 
        "value": 0.0085442925767604903
    }, 
    "Ar37": {
        "error": 0.12829415235093555, 
        "fit": "linear", 
        "value": 0.31009746959107076
    }, 
    "Ar38": {
        "error": 0.32729402483217929, 
        "fit": "linear", 
        "value": 0.32943035063422299
    }, 
    "Ar39": {
        "error": 0.067942331543322354, 
        "fit": "linear", 
        "value": 12.787855074669828
    }, 
    "Ar40": {
        "error": 0.61635186656594054, 
        "fit": "linear", 
        "value": 2360.982151935661
    }, 
    "Ar41": {
        "error": 0.12747935027867741, 
        "fit": "average_SEM", 
        "value": 0.22797546052529166
    }
}