{
    "Ar36": {
        "error": 0.0014870658834260585, 
        "fit": "linear", 
        "value": 0.009440305539451712
    }, 
    "Ar37": {
        "error": 0.14807967221129595, 
        "fit": "linear", 
        "value": 0.17364565171729318
    }, 
    "Ar38": {
        "error": 0.34888279020631696, 
        "fit": "linear", 
        "value": 0.20771202351123794
    }, 
    "Ar39": {
        "error": 0.057952276432151374, 
        "fit": "linear", 
        "value": 9.3289120375317882
    }, 
    "Ar40": {
        "error": 0.5326501254381083, 
        "fit": "linear", 
        "value": 1726.4971169904034
    }, 
    "Ar41": {
        "error": 0.12316786547110678, 
        "fit": "average_SEM", 
        "value": 0.11645152537035756
    }
}