{
    "Ar36": {
        "error": 0.0019350174815007911, 
        "fit": "linear", 
        "value": 0.014639981758400283
    }, 
    "Ar37": {
        "error": 0.13842350724082583, 
        "fit": "linear", 
        "value": 0.085675041156055898
    }, 
    "Ar38": {
        "error": 0.25626504274816408, 
        "fit": "linear", 
        "value": 0.080391443579040128
    }, 
    "Ar39": {
        "error": 0.059619362219629622, 
        "fit": "linear", 
        "value": 8.4254947860700877
    }, 
    "Ar40": {
        "error": 0.50577701306285727, 
        "fit": "linear", 
        "value": 1559.1942803019497
    }, 
    "Ar41": {
        "error": 0.11719871602709429, 
        "fit": "average_SEM", 
        "value": -0.12163979370709664
    }
}