{
    "Ar36": {
        "error": 0.0011531847862322807, 
        "fit": "linear", 
        "value": 0.0059662578773431131
    }, 
    "Ar37": {
        "error": 0.12435609709786155, 
        "fit": "linear", 
        "value": 0.19976089057379398
    }, 
    "Ar38": {
        "error": 0.33029115427726247, 
        "fit": "linear", 
        "value": 0.25093288149402082
    }, 
    "Ar39": {
        "error": 0.055775501085175705, 
        "fit": "linear", 
        "value": 8.8050832587218952
    }, 
    "Ar40": {
        "error": 0.50334332823486683, 
        "fit": "linear", 
        "value": 1622.6429764679915
    }, 
    "Ar41": {
        "error": 0.13211847224861442, 
        "fit": "average_SEM", 
        "value": 0.15617641802489138
    }
}