{
    "Ar36": {
        "error": 0.0017528833716740414, 
        "fit": "linear", 
        "value": 0.015223628697189096
    }, 
    "Ar37": {
        "error": 0.13283378586535372, 
        "fit": "linear", 
        "value": 0.2884918627007455
    }, 
    "Ar38": {
        "error": 0.27193589753182157, 
        "fit": "linear", 
        "value": 0.36444660054179834
    }, 
    "Ar39": {
        "error": 0.060214295632209293, 
        "fit": "linear", 
        "value": 10.800944570913664
    }, 
    "Ar40": {
        "error": 0.56426784150739362, 
        "fit": "linear", 
        "value": 1983.0902815606019
    }, 
    "Ar41": {
        "error": 0.11287419431375371, 
        "fit": "average_SEM", 
        "value": -0.013076882688328623
    }
}