{
    "Ar36": {
        "error": 0.0019349773930800724, 
        "fit": "linear", 
        "value": 0.019803547702074854
    }, 
    "Ar37": {
        "error": 0.13275913041642698, 
        "fit": "linear", 
        "value": 0.23120136590982154
    }, 
    "Ar38": {
        "error": 0.25515065014168908, 
        "fit": "linear", 
        "value": 0.3154203869201051
    }, 
    "Ar39": {
        "error": 0.071576626749286706, 
        "fit": "linear", 
        "value": 9.2440745304141352
    }, 
    "Ar40": {
        "error": 0.52612879313702177, 
        "fit": "linear", 
        "value": 1694.6609005729224
    }, 
    "Ar41": {
        "error": 0.11900332881441918, 
        "fit": "average_SEM", 
        "value": -0.0268511809106955
    }
}