{
    "Ar36": {
        "error": 0.0037002610775878019, 
        "fit": "linear", 
        "value": 0.070572064563920567
    }, 
    "Ar37": {
        "error": 0.13554913350751741, 
        "fit": "linear", 
        "value": 0.22695642688677437
    }, 
    "Ar38": {
        "error": 0.28739528051781033, 
        "fit": "linear", 
        "value": 0.27370002562730411
    }, 
    "Ar39": {
        "error": 0.058185200878817123, 
        "fit": "linear", 
        "value": 4.6551493801604318
    }, 
    "Ar40": {
        "error": 0.37905168049205173, 
        "fit": "linear", 
        "value": 873.69188628698544
    }, 
    "Ar41": {
        "error": 0.12632853034330646, 
        "fit": "average_SEM", 
        "value": -0.038534909395966682
    }
}